{"cameraMode":{"drawMode":0,"name":"Shaded","section":"Shading Mode"},"sceneLighting":true,"audioPlay":false,"sceneViewState":{"m_AlwaysRefresh":true,"showFog":true,"showSkybox":true,"showFlares":true,"showImageEffects":true,"showParticleSystems":true,"showVisualEffectGraphs":true,"m_FxEnabled":true},"in2DMode":false,"pivot":{"x":199.35008239746095,"y":34.68635177612305,"z":212.7749481201172},"rotation":{"x":0.1481991857290268,"y":0.029676886275410653,"z":-0.004508025478571653,"w":0.9885470271110535},"size":36.28687286376953,"orthographic":false}