{"cameraMode":{"drawMode":0,"name":"Shaded","section":"Shading Mode"},"sceneLighting":true,"audioPlay":false,"sceneViewState":{"m_AlwaysRefresh":true,"showFog":true,"showSkybox":true,"showFlares":true,"showImageEffects":true,"showParticleSystems":true,"showVisualEffectGraphs":true,"m_FxEnabled":true},"in2DMode":false,"pivot":{"x":1001.15966796875,"y":515.3512573242188,"z":-245.153564453125},"rotation":{"x":0.24091558158397675,"y":0.011637559160590172,"z":-0.0029720310121774675,"w":0.9705479145050049},"size":81.39410400390625,"orthographic":false}