{"cameraMode":{"drawMode":0,"name":"Shaded","section":"Shading Mode"},"sceneLighting":false,"audioPlay":false,"sceneViewState":{"m_AlwaysRefresh":true,"showFog":true,"showSkybox":true,"showFlares":true,"showImageEffects":true,"showParticleSystems":true,"showVisualEffectGraphs":true,"m_FxEnabled":true},"in2DMode":false,"pivot":{"x":-1.1983970403671265,"y":7.049542427062988,"z":1.8684959411621094},"rotation":{"x":0.14514221251010896,"y":-0.14781269431114198,"z":0.02189086563885212,"w":0.9781054854393005},"size":17.783668518066408,"orthographic":false}